"Survey","CountryYear","Country","CountryFR","Region","Source","age_fsex","age_fbirth","ave_bi","ideal","ppi","ttc","ppfp","s_neversex","s_sex_fbirth","s_birth1","s_birth2","s_birth3","s_birth4","s_birth5","s_birth6","s_birth7","s_birth8","s_birth9","s_infecund","CPR_all","Spacing_all","Limiting_all","CPR_mar","Spacing_mar","Limiting_mar","Notes","NotesFR","pop"
"AF2015DHS","Afghanistan 2015","Afghanistan","Afghanistan","Asia","2015",18.7,18.5,28.4,5.6,4.4,2.97738585325429,15.1123458284133,30.0195955658736,4.98807273705989,7.10288808664379,7.85108289919976,7.47628327560401,7.04709474725119,5.92330836522152,5.22066301841892,3.95736576883723,3.03018864855576,4.08675508899728,13.296701798337,15.2775,7.6727,7.5369,22.5,11.3,11.1,,,7717838
"AL2017DHS","Albania 2017-18","Albania","Albanie","Europe","2017-18",20.9,22,50.7,2.4,3.9,5.84010416848705,27.2878136387819,23.6608534829177,10.4605722142232,11.5244615943486,21.8515456381086,9.48427580086642,2.21964834657367,0.340415649461103,0.0899438044347413,0.0215113464955377,0.00252414527414486,0,20.3442479772962,33.2,10.9,22.3,46,13.2,32.8,,,682826
"AO2015DHS","Angola 2015-16","Angola","Angola","Africa","2015-16",16.6,20.5,30.8,4.9,13.8,6,7.07262735290685,10.2437054893433,13.1100410626942,13.7361269204808,11.9718875384085,10.0815818256025,8.11181766778301,6.38789675641678,5.16451531784907,3.13714885902685,2.07383391057835,2.78582567136908,13.1956189804476,13.3,10,3.3,13.7,8.8,4.8,,,6349429
"AM2016DHS","Armenia 2015-16","Armenia","Armenie","Asia","2015-16",21.2,21.4,41.5,2.6,3.3,4.53348153050612,32.1926630853074,29.7281268909147,3.71388127380048,11.9209558578316,27.71341700892,11.2025842565155,2.02958303442807,0.393669883498974,0.0889437870650641,0.0055091890295413,0,0.0118407129210225,13.1914881050749,36.7,12.1,24.6,57.1,18.8,38.4,,,769700
"AZ2006DHS","Azerbaijan 2006","Azerbaijan","Azerbaidjan","Asia","2006",22,21.9,29.9,2.5,3.5,3.55777401761801,38.7568987512388,30.7131098034185,5.51563578767461,9.86778000324542,22.2613438362583,14.6408939223247,5.24326621345063,2.04428370269068,0.555452459603821,0.351773789708748,0.0958457596675317,0.0763516693183688,8.63426305263871,32,4.7,27.2,51.1,7.6,43.6,,,2577730
"BD2017DHS","Bangladesh 2017-18","Bangladesh","Bangladesh","Asia","2017-18",16.2,16,55.7,2.3,5.1,6.07486818484143,17.2779331499608,15.0297832253624,7.4968532364103,17.2250535343398,22.2884060363147,14.9650710770482,7.57154847343239,3.66618891376312,1.56472458932601,0.747465070642633,0.210205118276921,0.138182791753325,9.09651793333021,49.7057,13.8919,35.7335,61.9,17.3,44.5,,,44655387
"BJ2017DHS","Benin 2017-18","Benin","Benin","Africa","2017-18",17.3,19.4,34.1,5.1,12.2,7.50214521425198,9.08396627461261,12.3210459152684,12.922508076054,12.011736567048,11.1193855502513,10.2945404475469,9.14300839743125,6.87443386901229,5.16654942705721,3.81733203672233,2.30978513865213,2.13672709626547,11.8829474786907,14.4,10.1,4.3,15.5,10,5.6,,,2635019
"BO2008DHS","Bolivia 2008","Bolivia","Bolivie","Latin America and the Caribbean","2008",18.6,20.9,35.1,2.4,10,6,21.994029096986,20.177014808963,10.0958118409623,14.1603860335354,14.3005005439146,10.5747572669204,7.13969254131525,4.9307195226575,3.71136481905044,2.24863432083267,1.64631672459581,2.20155144716358,8.81325013008906,41.4,13.8,27.6,60.6,17.3,43.3,,,2378504
"BR1996DHS","Brazil 1996","Brazil","Bresil","Latin America and the Caribbean","1996",19.5,21.1,35.6,2.3,4.3,4.50992961775814,46.0600221901421,20.4693568584277,11.6444354096242,14.8517281457617,18.0083831685451,13.5971550510342,6.69669499137645,3.2609874136026,2.07100413709929,1.26594731680697,0.864054296395035,1.42646446539927,5.84378874592744,55.4,12.6,42.7,76.7,14,62.8,,,44420501
"BF2010DHS","Burkina Faso 2010","Burkina Faso","Burkina Faso","Africa","2010",17.7,17.8,35.9,5.5,15,6.29475691035777,4.35302584758076,12.4208900512077,9.14487034930308,11.0625668137599,10.9555894658364,10.0373083879753,9.03998655793495,7.14296758563585,6.38043606381221,4.79115264055503,3.10822365409258,3.21909180213301,12.696916627754,15.3,10.9,4.4,16.2,10.9,5.3,,,3579388
"BU2016DHS","Burundi 2016-17","Burundi","Burundi","Africa","2016-17",19.6,20.3,33.8,3.9,17.8,6.7603761830873,19.6062181525623,28.980789512278,4.70384192593631,9.65028626773937,9.86480668037232,9.62334002804486,7.96991036129283,7.2343145385672,5.49482301285238,4.14227608096254,2.59974464541514,2.64222671854872,7.09364022799031,17.9,9.2,8.6,28.5,14.4,14.1,,,2453145
"KH2014DHS","Cambodia 2014","Cambodia","Cambodge","Asia","2014",20.7,20.5,43.8,3.1,7.8,5.05957216442478,28.6127016767906,24.8652870009059,6.27282187613058,14.90402878996,17.4039986277326,11.5308468504931,7.19456206685894,3.63738754799367,2.03478583814943,1.04676030618583,0.486517549342736,0.364124645158404,10.2588789010888,38.5,15.1,23.5,56.3,22,34.3,,,4198027
"CM2018DHS","Cameroon 2018","Cameroon","Cameroun","Africa","2018",17,20,31.2,5.4,10.9,6,15.7174558067256,14.4016567795846,12.8165426045393,12.7610613268837,10.4978185391444,9.35104101300524,7.78313765786654,6.37358945941378,4.67924819273389,3.54998996916589,2.39916313452454,4.18834201248531,11.1984093106528,19.5,14,5.5,19.3,12.2,7.1,,,6082962
"CF1994DHS","Central African Republic 1994-95","Central African Republic","Centrafricaine, Republique","Africa","1994-95",15.9,17.3,30.6,6.4,16.4,6,23.2889239744374,9.10619042575726,12.0622467455261,12.7124024964033,10.5426823099087,8.50836524779295,6.82509871204033,5.87246588374232,4.3456647959765,3.7172291858945,2.20357376446003,3.44423387999838,20.6598465524996,14.1,11.5,2.6,14.8,11.9,2.9,,,718010
"TD2014DHS","Chad 2014-15","Chad","Tchad","Africa","2014-15",16.2,16.1,29.3,8.2,14.6,6,4.65912311259867,13.2743585611165,6.01783658659349,9.44682680222456,8.82352252991665,9.18767660361824,8.16098943210474,7.24783974154231,6.5644329829902,5.15786027289198,4.9752532299408,6.10881284154134,15.0345904155192,5.4,4,1.4,5.7,4.1,1.6,,,2988649
"CO2015DHS","Colombia 2015","Colombia","Colombie","Latin America and the Caribbean","2015",17.7,21.4,50.7,2.2,5.9,6.16213240022741,66.1644615146274,15.9123320949906,18.9704004004828,20.1520344825148,21.3929623117461,11.7857360357115,4.5276048136354,2.10311961870842,0.951410856981694,0.411821760774637,0.224274831786852,0.299225422693664,3.26907736997347,64.9,21,43.9,81,20.7,60.3,,,12952328
"KM2012DHS","Comoros 2012","Comoros","Comores","Africa","2012",21,20.7,31,5.3,4.3,5.00552505722026,15.8882259069175,31.1690144894558,11.2013619025295,8.65247182250446,7.47453715268135,7.05823682336034,6.00000283205111,4.32263407216883,3.43051517223269,2.7269163745455,1.74315260463429,2.02315861644904,14.1979981373871,13.7,10.5,3.2,19.4,14.5,4.9,,,176377
"CG2011DHS","Congo 2011-12","Congo","Republique du Congo","Africa","2011-12",16.2,19.7,38.8,5,9.9,6,23.195395176322,7.79060250041395,14.9112591382462,16.3071007847458,14.7905059450023,12.1603064395003,8.90108549134665,6.10323495554474,3.76212653928455,2.17847453171356,1.2702576925654,1.11627202872639,10.70877395291,44.3,37.5,6.9,44.7,35,9.8,,,1082041
"CD2013DHS","Congo Democratic Republic 2013-14","Congo Democratic Republic","Congo, La Republique Democratique du","Africa","2013-14",16.8,18.7,30.4,6.1,12.4,6,12.1994781207676,12.2737490487938,12.7255995055131,12.4842472651096,11.0770561380537,9.0582945574895,8.5001149327814,6.55172026380563,5.43009585230585,4.63512508396974,2.92319173867865,4.11280385608699,10.228001757412,19.3,14.3,5,20.4,13.7,6.7,,,15801738
"CI2012DHS","Cote d'Ivoire 2011-12 ","Cote d'Ivoire","Cote d'Ivoire","Africa","2011-12",17,19.7,36.8,5.2,12.4,6,7.28324234251546,7.97067139973413,17.4629750050006,14.7528707169895,12.7309311863112,9.57643238797206,7.7087854135775,6.36698054044685,4.67397994221422,2.63280662155189,2.12779139571453,2.57086510575275,11.4249102847348,19.7,16.5,3.2,18.2,13.7,4.5,,,4858181
"DR2013DHS","Dominican Republic 2013","Dominican Republic","Dominicaine, Republique","Latin America and the Caribbean","2013",18.2,19.2,44.6,2.8,3.3,6,44.0747194358941,14.5689019536723,13.8917787229705,17.3764094718287,16.7294128415838,17.6972665310535,7.93942477525307,3.67213348683342,1.72138896626936,0.776197710150078,0.607932944378701,0.231024048450765,4.7881285475558,55.1,17.2,37.9,71.9,19.6,52.2,,,2650227
"EG2014DHS","Egypt 2014","Egypt","Egypte","Africa","2014",20.8,20.8,36.7,3,3.8,4.63538216337046,49.2734657340757,26.4945750481007,5.19578990448733,9.84271954815731,17.3046278316317,16.9864327627751,10.1697820383408,4.74190157108074,1.9048354409734,0.995223638161309,0.473194237032913,0.371590342065372,5.51932763719325,40.7745,9.6883,31.1559,58.5,13.9,44.7,,,23042769
"ET2016DHS","Ethiopia 2016","Ethiopia","Ethiopie","Africa","2016",16.6,17.1,34.5,4.5,16,7.00120511806211,22.2740623179774,23.2717823917497,8.240022483055,10.829378966279,9.24960466251028,8.75054966586707,7.46555807517377,6.77487786473544,4.95892600493807,4.61770030375213,3.25206153651883,3.25727170664196,9.3322663387788,25.3,15.3,10,35.9,21.5,14.3,,,24949201
"GA2012DHS","Gabon 2012","Gabon","Gabon","Africa","2012",16.9,22,37.6,4.6,7.9,6,13.6122812687412,8.52062613282357,19.1620427395798,17.2075600929195,13.048191435546,9.72800147769938,7.25545630832325,4.60557397168291,3.23713189436629,1.97731313857707,1.4660868543884,1.61327919811206,12.1787367559818,33.6,27.2,6.4,31.1,22.9,8.3,,,441083
"GM2019DHS","Gambia 2019","Gambia","Gambie","Africa","2019",18.5,19.4,35.3,5.8,12,8.45899396648875,15.4826857281189,28.6286731252789,6.53989384129749,10.7737306901548,9.2961287033128,8.97712496829804,6.9845805435507,6.13122175360818,4.38680937373287,3.67093524513668,2.33841094959297,2.32408738442515,9.94840342161148,13.4,9.8,3.6,18.9,13.3,5.6,,,564689
"GH2014DHS","Ghana 2014","Ghana","Ghana","Africa","2014",18.4,20.7,39.4,4.3,10.4,5.40865946953846,13.1592258540032,12.6755688846272,17.7083807245097,12.7967067225821,12.1352231606793,10.2074597659274,7.97042671702669,6.00753350009046,4.03855377648611,2.18279692874688,1.06194644299352,1.38046199162049,11.8349413847102,22.8,15,7.8,26.7,15,11.7,,,6797068
"GU2015DHS","Guatemala 2014-15","Guatemala","Guatemala","Latin America and the Caribbean","2014-15",18.6,19.5,37.7,3.3,9.9,5.08629073932502,31.0389823171227,24.6373579563415,8.15116649101967,14.7212917551613,14.3202134870602,11.7980417857324,6.98738886004605,4.47113520505037,2.85560169682158,1.93626432524966,1.20924570934016,1.59005826943113,7.32223445874602,39.4,14.9,24.5,60.6,22.8,37.8,,,4167459
"GN2018DHS","Guinea 2018","Guinea","Guinee","Africa","2018",16.6,18.5,35.7,5.4,21,6,10.0109200924756,16.1291724489317,11.2435992730107,11.142142255863,9.80847027143394,9.86177888853396,7.77669464246593,6.12064939022518,4.19292921505324,2.72283210592281,1.71366512556569,1.3381446715908,17.949921711403,11.8,9.8,1.9,10.9,8.5,2.4,,,3015710
"GY2009DHS","Guyana 2009","Guyana","Guyana","Latin America and the Caribbean","2009",18.5,20.7,35.9,2.9,4.3,6,25.3694032244425,15.6279740992413,13.9871260417982,14.1005781420262,14.9284932435101,12.9537210110012,7.04778399698595,4.48808893369942,2.15619556885578,1.37690418572421,0.79229700746457,0.819421086380515,11.7214166833125,34.6,13.8,20.8,42.5,12.3,30.2,,,195492
"HT2016DHS","Haiti 2016-17","Haiti","Haiti","Latin America and the Caribbean","2016-17",17.7,22.8,39.3,2.8,8,6,21.6934337895346,17.2517714499983,22.5070737755341,15.4048566088011,12.3654205082581,8.14653885648231,5.60938670623682,3.89268471125014,2.55449314959953,1.54148846653729,1.10313744410344,1.3529592745072,8.27018904869172,24.1,11.6,12.5,34.3,12.3,22,,,2874391
"HN2011DHS","Honduras 2011-12","Honduras","Honduras","Latin America and the Caribbean","2011-12",18.4,19.3,45.5,2.8,8.6,5.46532496359451,47.8181574150473,20.1765548407732,10.2596084838456,17.2939851001498,16.5386678769176,13.5081931703666,7.74307697865712,4.59216951700536,2.56220125528598,1.73569647197874,0.907290111129492,1.3245650123521,3.3579911815384,48.8,18.8,30,73.2,28.2,45,,,2196087
"IA2015DHS","India 2015-16","India","Inde","Asia","2015-16",19,19,32,2.2,6.6,5.6,25.0466397549996,22.0397803646748,6.8360613407487,11.8751934862951,21.5483783051114,12.7100134042026,6.12167385926516,2.86106812981469,1.36904507783891,0.615801515336498,0.266441029441556,0.183429434514615,13.5731140527559,40.8,4.1,36.7,53.5,5.5,48.1,,,336149868
"ID2017DHS","Indonesia 2017","Indonesia","Indonesie","Asia","2017",20.9,20.8,64.6,2.6,4.2,7.85667880460769,63.3355311100219,22.9341715195823,4.36810410439743,17.919940793609,24.473979009409,13.2753231502233,5.44310127101897,2.12105106173166,0.840573670230929,0.37329938682457,0.19421831079166,0.157720872470518,7.89851684971064,46,17.1,28.9,63.6,23.6,40,,,70647371
"JO2017DHS","Jordan 2017-18","Jordan","Jordanie","Asia","2017-18",22.7,22.7,34.2,3.8,3.1,5.26445113072067,54.8291260655508,40.8868840571246,5.77670182513838,6.6292405409703,8.21079006101285,9.33294209969603,9.0681270645245,5.73703480253733,3.42855045579377,1.60291946130839,0.745905642236366,0.629887921594344,7.95101606806317,28.9044,9.4302,19.4742,51.8,16.9,34.9,,,2543517
"KK1999DHS","Kazakhstan 1999","Kazakhstan","Kazakstan","Asia","1999",20.8,21.2,34.7,2.8,6.9,3.6465233935026,41.7975534280174,19.9920680167757,7.98252451524029,16.6174987715094,21.8974439280768,12.1492160204483,5.65226694311466,2.50751986135494,1.50315595849827,0.706812740281325,0.343420078611307,0.159628539471774,10.4884446266172,48,17.9,30.1,66.1,23,43,,,4099722
"KE2014DHS","Kenya 2014","Kenya","Kenya","Africa","2014",18,20.2,36.3,3.6,8.6,5.31508367012481,32.1431576978327,14.277196243987,11.5144574381957,15.8909410213276,15.9757230634059,13.035611228887,9.19841450443256,6.09336600459988,4.37682866641943,3.11618535797949,1.90417941679755,2.04858334316825,2.56851371079958,42.6,19.8,23.2,58,25.3,32.7,,,11735875
"KY2012DHS","Kyrgyz Republic 2012","Kyrgyz Republic","Kirghizistan","Asia","2012",20.5,20.6,36.1,3.9,6.1,4.62125252411317,15.7271701593467,26.2276014204286,6.07003131288634,12.6903190271362,13.903795912008,12.1939048754972,8.68668782938213,4.14114646462637,1.40252755617348,0.413747971445013,0.130709528626989,0.0567517521695562,14.0827763496201,24.4,14.5,9.9,36.3,21.6,14.7,,,1534609
"LS2014DHS","Lesotho 2014","Lesotho","Lesotho","Africa","2014",18.5,20.3,45.8,2.6,11.2,4.28581869070722,44.9816657197199,13.5143686970685,16.776859088163,20.9500111391407,17.9968521960167,11.7545461480894,6.07320195348529,3.34864289143262,1.66645267960352,0.866341149018088,0.401819109213117,0.356436794986259,6.29446815378277,48.9,20.1,28.7,60.2,22.5,37.6,,,531403
"LB2019DHS","Liberia 2019-2020","Liberia","Liberia","Africa","2019-20",16.1,21.2,40.2,4.6,14.1,6,8.59973215566391,6.8283976966128,15.1258725776327,17.8411048559919,13.9538954154606,10.5807941878577,7.85997998742897,6.32735047605736,4.31941347219881,3.19666962845763,1.75093176286408,1.77060165812159,10.4449882813158,26.2,20.3,6,24.9,15.9,9,,,1189170
"MD2008DHS","Madagascar 2008-09","Madagascar","Madagascar","Africa","2008-09",17.3,18.9,32.7,4.7,10.7,6,12.0995672678523,11.966837446275,11.1224066564147,12.8535189468513,12.4397277533449,10.7625196700064,8.24269663565332,6.26935300176403,4.87265095533513,3.10879304193539,2.10385135739745,3.66290531145036,12.594739223572,31.7,15.9,15.8,39.9,19,21,,,4672135
"MW2015DHS","Malawi 2015-16","Malawi","Malawi","Africa","2015-16",16.8,18.2,41,3.7,12.8,9.20138012736587,47.386794915368,11.7197789154188,10.2413478270412,14.7357820380134,13.6531482168929,12.2363655004804,10.3695401576895,8.35535679726246,5.64088285631849,3.61581686409624,2.121436280435,1.8458871657636,5.46465738058799,46,20.8,25.2,59.2,26.5,32.7,,,3974782
"MV2016DHS","Maldives 2016-17","Maldives","Maldives","Asia","2016-17",20.7,20.9,53.4,2.8,5.8,9.21558318386354,8.21720715834748,21.372305727987,10.4866055817308,15.155852043826,14.1173481815005,8.44245222833631,4.08474728342667,2.36186290549475,1.2752793307003,0.487657937898843,0.232936008639384,0.155768738849942,21.8271840316094,13.3,5.2,8.1,18.8,7.4,11.4,,,110753
"ML2018DHS","Mali 2018","Mali","Mali","Africa","2018",16.5,17.8,32.1,6,10.5,8.97396695095898,12.8754763527044,9.96080956803058,8.99238887700231,11.9219740317684,10.8357905038137,9.87024825175789,9.05436477683421,7.56095369526488,6.22143713560755,4.44572781694709,3.11864597523445,4.51411815722004,13.5035412105188,16.2,12.3,3.8,17.2,12.7,4.5,,,4237636
"MB2005DHS","Moldova 2005","Moldova","Moldova, Republique de","Europe","2005",20,20.4,55.6,1.7,6.3,4.50680418057284,56.5763250315357,19.0255537573644,11.9156354897875,18.2657299955002,24.8783907799991,8.6872744467626,2.64009192082473,1.23345229827771,0.208090774602742,0.0556327826877765,0.017035103023449,0.0528444728141202,13.0202681783557,49.8,16.1,33.7,67.8,19.3,48.5,,,1184692
"MZ2015AIS","Mozambique 2015 AIS","Mozambique","Mozambique","Africa","2015",16.8,18.2,34.8,4.8,15,6,7.2,6.19587286432435,11.5250999265849,15.0438008291508,12.3830586121442,10.3856202702139,8.85001254473275,6.78014361042524,5.10380911628059,3.61662745619986,2.81236082419245,2.6519993109374,14.6515946348135,27.4,17.5,10,27.1,16,11.1,,,6396244
"MM2016DHS","Myanmar 2015-16","Myanmar","Myanmar","Asia","2015-16",22.5,22.1,49,2.5,4.5,8.07673222009117,44.4861039953113,33.1194293948899,6.55978838369515,14.5982073398795,13.7295553406731,9.51098941013352,5.18980371400254,2.92562586511119,1.49170546153486,0.928223087556489,0.544259455794851,0.307044443305372,11.0953681034236,31.6,10.6,21,52.2,17.6,34.7,,,14679563
"NM2013DHS","Namibia 2013","Namibia","Namibie","Africa","2013",19,21.6,45.1,3.2,11.3,6.51424943439697,47.8056316289643,13.9262366127807,17.6850930181469,19.6176781893885,16.7138435190695,11.6471748570333,6.71929271166237,3.85501586041641,2.38639371414099,1.23049413378064,0.902287295437805,0.581197112516327,4.73529297562661,50.2,28.3,21.9,56.1,23.5,32.6,,,592648
"NP2016DHS","Nepal 2016","Nepal","Nepal","Asia","2016",17.9,17.9,36.7,2.1,7.8,4.47633205868396,18.6785156401818,20.6403203521229,6.91380921015546,14.8509779866495,20.3656666561054,13.7482676730687,7.93426855876717,4.22082402322302,2.24889730310968,1.03089087570314,0.350201574302443,0.290831864439872,7.40504392235275,40.8,5.3,35.4,52.6,6.9,45.7,,,8191447
"NC2001DHS","Nicaragua 2001","Nicaragua","Nicaragua","Latin America and the Caribbean","2001",17.8,18.2,34.2,2.9,7.1,6,38.7064139182985,22.1502764278672,6.99610854846466,14.7834531832222,13.6916434789667,11.3046943391592,7.87112399293444,5.32281023878155,3.61040932931098,2.43335628050663,2.02024519140484,3.24934846552343,6.5665305238581,45.6,13.1,32.5,68.6,20.5,48.1,,,1338552
"NI2012DHS","Niger 2012","Niger","Niger","Africa","2012",15.9,15.7,30.9,9.2,14.3,6,16.4148186804779,7.74679208667519,6.29917573660178,9.41333034354602,10.1037572733382,9.71083776044829,9.4061731213828,8.75709678264759,7.62366611994827,6.30057090684117,4.74408043580149,7.9529048717144,11.9416145610548,12.5,11.1,1.4,13.9,12.3,1.6,,,3719064
"NG2018DHS","Nigeria 2018","Nigeria","Nigeria","Africa","2018",17.2,19.1,30.9,6.1,12.7,6.57810463938193,10.581138203582,16.0991697410669,11.1279951384635,10.1266267132766,10.4541123458004,9.33491781225618,7.96734724148643,6.88514283235271,4.97000897768342,3.59863560690226,2.57579333852847,3.92519341369678,12.9350568384864,14.3,9.1,5.2,16.6,9.6,7,,,44911135
"PK2017DHS","Pakistan 2017-18","Pakistan","Pakistan","Asia","2017-18",20.7,20.4,28.2,3.9,4,3.63523918647015,16.5478452512315,33.3120986792317,6.80257256427643,7.80307828534905,8.62570154709407,8.68837738440466,7.84070901413304,6.07719803648645,3.87896355874924,2.30377228981556,1.45377164305405,1.8880551270104,11.3257018703954,21.1356,5.6238,15.5118,34.2,9.1,25.1,,,52020884
"PG2017DHS","Papua New Guinea 2016-2018","Papua New Guinea","Papouasie-Nouvelle-Guinee","Oceania","2016-2018",19.7,20.4,33.2,3,14.7,4.70818731570841,32.7853878849408,19.5746148739685,9.67232762232737,12.0779934318399,10.9242423149729,10.8234342283138,8.70125439700233,6.52791390384644,4.26294262522096,2.50298413778271,1.04739866846127,0.932559951135696,12.9523338451282,26.8,11,15.8,36.7,14.9,21.9,,,2068335
"PE2012DHS","Peru 2012","Peru","Perou","Latin America and the Caribbean","2012",18.7,21.6,51.1,2.3,10.4,5.0063348033313,52.5211223072742,18.674861105532,13.2441490901749,18.1031116242755,17.9690305324,11.4491108695472,6.37329566336831,3.37631405379534,1.99046542253415,1.06402230947927,0.705849729198507,0.697545243642733,6.35224435605205,51.5,20.4,31,75.5,25.8,49.7,,,7796962
"PH2017DHS","Philippines 2017","Philippines","Philippines","Asia","2017",21.2,22.5,36.8,2.7,6.1,6,40.2054340968635,30.407086195279,6.12463767486489,13.164661413316,15.2015515446227,11.268610068177,5.92778163936772,3.55878669201843,2.03341062262822,1.18456101160282,0.636026462073565,0.72270937325631,9.77017730279336,33.6,10.5,23.1,54.3,16.6,37.6,,,27220298
"RW2019DHS","Rwanda 2019","Rwanda","Rwanda","Africa","2019",20.7,22.8,40.8,3.5,15.6,5.09450514015003,64.2851547389214,26.9931481755983,8.74199241849368,12.5790336529614,12.8681282924748,11.1219463647702,8.19549284193987,5.53160687750948,3.96705153408314,2.57674413605334,1.218841432989,0.899349984281615,5.30666428884512,38.6,17.4,21.2,64.1,28.4,35.7,,,3204028
"ST2008DHS","Sao Tome and Principe 2008-09","Sao Tome and Principe","Sao Tome-et-Principe","Africa","2008-09",17.8,18.8,44.2,3.5,7.2,6,31.1561806687676,13.3200130176516,11.3022708285669,12.0292698101161,12.8895240453581,12.2217136660462,10.2262003863559,6.63276509481814,4.28957679801408,3.20818845923044,1.78096464438091,2.30637170147062,9.79314154799108,30.7,16.2,14.6,38.4,18.2,20.2,,,40719
"SN2019DHS","Senegal 2019","Senegal","Senegal","Africa","2019",19.7,20,36.6,5.4,13.7,6.36574365360057,23.6755359270117,27.9175374030063,7.24235226392005,12.8849118936932,10.5447612033514,8.50691462829572,7.47324841042439,5.82648028610891,4.4480804913873,3.33064436649768,2.04891780911859,2.09355686724656,7.68259437694983,18.8,13.3,5.5,26.9,18.5,8.4,,,4001600
"SL2019DHS","Seirra Leone 2019","Sierra Leone","Sierra Leone","Africa","2019",16,19.5,39.5,4.7,17.3,6,6.5248447858332,10.2654775956413,15.2938209399632,14.1085264330633,12.1215125373964,9.75180874252015,7.79382038198192,6.0001312387266,4.04504091969421,2.66893928582389,1.38754691406346,1.25674740665869,15.3066276044669,24.3,19.4,4.9,21.2,14.6,6.6,,,1914452
"ZA2016DHS","South Africa 2016","South Africa","Afrique du Sud","Africa","2016",18.1,21.3,55.3,2.6,8.1,6,65.9455188303034,11.8474000824299,14.536124953237,22.3017109788653,20.7630966209735,12.3253677056917,5.22803701975657,2.24237870666446,0.795235996471335,0.343187976499469,0.251047970794863,0.108173433175961,9.25823855544,48.2,20.6,27.6,54.6,17.9,36.7,,,15361616
"SZ2006DHS","Swaziland 2006-07","Swaziland","Eswatini","Africa","2006-07",18,23.7,37.9,2.5,10.7,6,45.7355886061439,17.6495041080989,11.5940379998619,18.2523970179584,14.4041085221393,9.89310131681438,6.16992463663388,4.84903077609952,3.76805196146678,2.34201959940876,1.65217666166985,1.87494728728391,7.5507001125644,37.9,11.5,26.4,50.6,12.7,37.9,,,274242
"TJ2017DHS","Tajikistan 2017","Tajikistan","Tadjikistan","Asia","2017",20.2,20.2,28.8,3.4,6.8,7.26525890047078,22.4889217631926,21.8692141954577,5.81617755731356,9.7541061235045,14.2084325620956,15.2250736605173,9.58267454123169,4.14409770208913,1.94942924858686,0.43773762800297,0.162757603924305,0.0637314237314686,16.7865677535449,21.3,6.7,14.6,29.3,9.2,20.1,,,2251574
"TZ2015DHS","Tanzania 2015-16","Tanzania","Tanzanie, Republique-Unie de","Africa","2015-16",17.2,19.2,35,4.7,10.5,5.08343384778959,20.0200526391337,12.4171638626056,12.2161063021666,15.2050617787365,13.4025346514066,10.5400969268324,8.47432243814344,6.5531837174091,5.07092235179144,3.39401556955343,2.38080630649081,3.00328787516564,7.34249821969848,32.4,21,11.4,38.4,23.4,15,,,11999276
"TL2016DHS","Timor-Leste 2016","Timor-Leste","Timor-Leste (Timor Oriental)","Asia","2016",20.5,21.7,32.2,3.7,16.4,6,30.4935437103965,35.2321942869323,3.84717244115914,8.62407517356189,8.60989979446337,7.465259424286,6.95383717038254,5.34267693494337,3.47927609694778,2.17970668362427,1.37959513111901,1.2907591807012,15.5955476818792,16.1,10.1,5.9,26,16.4,9.6,,,291198
"TG2013DHS","Togo 2013-14","Togo","Togo","Africa","2013-14",18.2,20,38,4.3,12.5,6,10.8765121656808,11.608588350015,15.1291086824541,13.8331960383188,10.9972353860413,10.028224375844,8.36893988326822,6.31158206667616,4.30199821942299,2.97393658294125,1.68354359042774,1.90362990507724,12.8600169195133,19.3,13.1,6.3,19.9,11.2,8.7,,,1677648
"TR2013DHS","Turkey 2013","Turkey","Turquie","Asia","2013",21,21,45,2.7,3.6,4.55753941397901,58.9227370648305,29.3704563644117,5.71047016587043,13.142831045954,23.2222840844603,12.6044460257762,4.69240832250643,1.94272855933824,1.32373217494135,0.684749278481761,0.422899690756784,0.494859135298233,6.3881351522045,51,15.6,34.5,73.5,22.9,50.5,,,20346687
"UG2016DHS","Uganda 2016","Uganda","Ouganda","Africa","2016",16.9,18.7,31.9,4.8,10.9,6.29532496720747,21.0961190388293,14.567541913307,10.9089174909967,12.6574069207263,11.7582606815579,10.0213683446812,8.52335573132718,7.16693709233812,5.26717878303234,4.48443836911615,3.32228463860039,4.92248113239443,6.39982890192225,30.3,17.8,12.5,39,21.7,17.3,,,9267461
"UA2007DHS","Ukraine 2007","Ukraine","Ukraine","Europe","2007",19.6,20.7,66.4,2,3.9,6.83455112177649,20.3070237309306,13.7249521082557,13.5452613334456,31.1198501170367,23.108880379364,3.82338098192674,0.697050747413581,0.176701124197462,0.112050620386101,0.0299779562068657,0.0329381374439817,0.0113192222482212,13.617637272075,50.9,21.3,29.6,66.7,23.7,43,,,12016120
"UZ1996DHS","Uzbekistan 1996","Uzbekistan","Ouzbekistan","Asia","1996",20.1,20.1,30.6,3.6,5.4,6,40.1925643753815,24.8818273676059,5.40548281719171,10.6319373338212,14.9372142159576,12.421802445821,9.34100966454563,6.30450898663689,3.46055831055909,2.08402924371189,0.795227146745524,0.683109617402717,9.05329285000078,39.6,14.3,25.3,55.6,20.2,35.4,,,5673231
"YE2013DHS","Yemen 2013","Yemen","Yemen","Asia","2013",18.2,18.2,31.8,4.3,3.5,4.53322986665981,32.8539701594191,34.8749566359677,5.74633680444387,8.1219321421507,8.43873492410097,7.56475825643888,6.53657448759605,5.42486981244039,4.57896223384388,3.32191977555288,2.47381318741328,4.21153937637625,8.70560236367513,33.5,14.6,16.9,33.5,15.5,18,,,6177833
"ZM2018DHS","Zambia 2018","Zambia","Zambie","Africa","2018",16.6,19.1,38.3,4.6,10.8,6.2977655370356,32.8639839649869,13.124535143011,10.7942910169203,15.8535606143809,13.0071758713626,10.7008891086316,8.80184585598331,6.81192221081771,5.24641705213211,3.89691979563937,2.4466016948875,2.62286243602431,6.69297920020935,35.4,21.7,13.7,49.6,29.4,20.2,,,4192481
"ZW2015DHS","Zimbabwe 2015","Zimbabwe","Zimbabwe","Africa","2015",18.7,19.8,43.7,3.9,14.2,4.10890926685989,64.6028943937629,18.492979635345,7.27143357563322,15.094952014254,17.4723975941183,15.5281455460133,10.4342986648605,5.61840019210126,3.01143909193659,1.23919585382058,0.539039287873509,0.551983747969832,4.7457347960738,48.6,26.3,22.3,66.8,36.4,30.4,,,3593166
,,"Add your own country data","Ajouter vos propres donnees de pays",,,0,0,0,4,0,0,0,0,0,0,0,0,0,0,0,0,0,0,0,,,,,,,,,
